profile,warmup_secs,q1_secs,q1_code,q2_secs,q2_code,q3_secs,q3_code
use_threading_morepools,27.0,56.836136s,200,30.225074s,200,30.194890s,200
noparallel,36.0,67.702097s,200,30.377743s,200,30.158077s,200
use_threading,27.0,51.282174s,200,25.215944s,200,25.351087s,200
memmap_off,57.0,29.127485s,000,0.025750s,000,0.025130s,000
memmap_on,26.0,56.484630s,200,21.727910s,200,21.922316s,200
loky_morepools,20.0,55.058577s,500,47.611592s,500,45.112714s,500
